Nome,Preco,Estoque,Sala,Categoria,Imagem,Ativo
300km Max Turbo Deo Colonia 100ml Avon,67,1,Sala 01,Perfumes,https://down-br.img.susercontent.com/file/br-11134207-7r98o-m34qag7d5ez743,nao
AVON PERFUME PUR BLANCA SERENITY DEO COLÔNIA 75ML,75,1,Sala 01,Perfumes,https://http2.mlstatic.com/D_NQ_NP_662365-MLB52910195906_122022-O.webp,nao
Anti Bactéria E Mofo Sintra Fast 500ml Vonixx Incrível X,36,1,Sala 01,Limpeza,https://images.tcdn.com.br/img/img_prod/1250843/sintra_fast_500ml_219_3_858c28b8f93d873f9e8c4a64dbc16f3c.jpg,nao
Antitranspirante Roll-on Barbour's Beauty Tropicsun Fragrância Tropc sun,35,1,Sala 02,Higiene,https://http2.mlstatic.com/D_NQ_NP_685203-MLB88154104312_072025-O.webp,sim
"Apice  Crespo power , creme de pentear nutritivo para cabelo crespo . Óleo de semente de uva , manteiga de murumor , extrato de borru 500 g",56.5,1,Sala 01,Cabelo,https://down-br.img.susercontent.com/file/sg-11134201-8225d-mhbwbzm6ij9p49,sim
"Aps Cosmético Cacho Máscara hidratante nutritiva Tratamentos Condicionante , 300 g .",69.9,1,Sala 01,Cabelo,https://www.apicecosmeticos.com.br/cdn/shop/products/fded8c2caebf2af9fe102d452f5fc8b2_1800x1800.jpg?v=1675166887,sim
"Aps Cosméticos , cachos , condicionador , nutritivo , cabelo macio e brilhoso 300 ml",42.8,1,Sala 01,Cabelo,https://www.apicecosmeticos.com.br/cdn/shop/files/condicionadorcachos300-_2_1800x1800.png?v=1701454303,sim
"Aps Cosméticos , cachos , gelatina ativadora , umidificadora , 300 ml .",59.6,1,Sala 01,Cabelo,https://down-br.img.susercontent.com/file/sg-11134201-7rcce-m6iyhv1ol8d77e,sim
"Aps Cosméticos , cachos , máscara , hidratante e nutritiva , nutri e hidrata 300 g",42.2,1,Sala 01,Cabelo,https://http2.mlstatic.com/D_NQ_NP_750331-MLU72997267905_112023-O.webp,sim
"Aps Cosméticos , caixas , shampoo nutritivo , limpeza suave , 300 ml .",45.2,1,Sala 01,Cabelo,https://http2.mlstatic.com/D_NQ_NP_607563-MLU75258854456_032024-O.webp,sim
"Aps Cosméticos , nut O Wavis , gelatina acidificante condicionante Óleo de prakachi , proteína de arroz , 300 ml .",32.2,1,Sala 01,Cabelo,https://images.tcdn.com.br/img/img_prod/1263558/gelatina_acidificante_eamp_condicionante_apice_cosmeticos_nutri_waves_300ml_1218684_2_bde04131bfbcd932937dfe3e4eb6af9b.jpg,sim
"Aps Cosméticos , nutre aves , máscara Nutritiva , intensa Óleo de parakashi , proteína do arroz . 300 g",59.6,1,Sala 01,Cabelo,https://http2.mlstatic.com/D_NQ_NP_960695-MLB78220900783_082024-O.webp,sim
"Aps Cosméticos Olha o vegetal , semente de uva , 30 ml",30,1,Sala 01,Óleos & Séruns,"https://res.cloudinary.com/beleza-na-web/image/upload/w_1500,f_auto,fl_progressive,q_auto:eco,w_1800,c_limit/e_trim/v1/imagens/product/MP167785/5864264a-6544-4b1f-8866-f1f5770cb5ec-mp167785-oleo-vegetal-semente-de-uva-apse-100-vegano-30ml.png",sim
"Aps Cosméticos PH , control Anticorosidade , efeito teia condicionante . 500 g",59.6,1,Sala 01,Cabelo,https://down-br.img.susercontent.com/file/sg-11134201-7ra1n-mbid7788gfed10,sim
"Aps cosmético , Aquacremie multifuncional para todas as curvaturas 260 ml .",59.6,1,Sala 01,Cabelo,http://www.apicecosmeticos.com.br/cdn/shop/files/KITS_35.png?v=1729802082,sim
"Aps cosmético , escalpquer , shampoo estimulante para todas as curvatura Óleo de babaçu menta . 250 g .",45.6,1,Sala 01,Cabelo,"https://res.cloudinary.com/beleza-na-web/image/upload/w_1500,f_auto,fl_progressive,q_auto:eco,w_1800,c_limit/e_trim/v1/imagens/product/MP154464/60ef9b74-a6ab-4e34-9812-f4fca9baab6a-mp154464-kit-para-toda-cacheada-apse-shampoo-condicionador-e-ativador.png",sim
"Aps cosmético Cachos , ativador e modelador antifriz uso diário sem enxague . 500 g",45.6,1,Sala 01,Cabelo,https://down-br.img.susercontent.com/file/br-11134207-7qukw-livybptjcvi707,sim
Aps cosmético Caixas ativador e modelador antifriz . Sem enxagui 500 g,39.6,1,Sala 01,Cabelo,https://http2.mlstatic.com/D_NQ_NP_961849-MLB82762535235_022025-O-kit-ativador-anti-frizz-500g-ph-control-500g-apse-cosmeticos.webp,sim
"Aps cosmético Escalp quer condicionador hidratante , óleo de babaçu mais menta , 300 ml .",46.8,1,Sala 01,Cabelo,https://http2.mlstatic.com/D_NQ_NP_989279-MLA83571259056_042025-O.webp,sim
"Artex Contém 3 peças , um lençol de elástico de 1 e 60 por 2 e 2 fronha de 50 : 70 .",179,1,Sala 01,Casa & Cama,https://static.ferju.com.br/public/ferju/imagens/produtos/jg-lencol-dobra-feita-200-fios-solteiro-artex-roberta-3320.jpg,sim
Assento de cadeira,131,1,Sala 01,Casa & Utilidades,https://down-br.img.susercontent.com/file/br-11134207-7r98o-lq0vslf2b0nz04,sim
Ativador De Cachos Apice Nova Fragrância Vegano Anti Frizz Creme De Pentar Uso Diario 500g,53.2,1,Sala 01,Cabelo,https://m.media-amazon.com/images/I/61CTEVVW9AL._AC_SY300_SX300_QL70_ML2_.jpg,sim
Aura Beauty Afrodite Garden - Body Splash Desodorante Colônia 200ml,95,1,Sala 01,Perfumes,https://cdn.sistemawbuy.com.br/arquivos/2afb681c26a53b9823cd4977d1fd80dc/produtos/6880ebf238ffb/15364401442-imagem-do-whatsapp-de-2025-07-23-a-s-10-59-59-d29bf2ef-6880ec1e53b15.jpg,sim
"Avon , caixa de sabonete . 4 unidades , 80 g cada .",20,1,Sala 01,Higiene,https://down-br.img.susercontent.com/file/6b32bd03983c8e91ef5278b743c4a79c,nao
Avon atration Desiré Four hair Deu parfan 50 ml .,39.9,1,Sala 01,Perfumes,https://down-br.img.susercontent.com/file/br-11134207-7r98o-lzw5wakoztc1cf,nao
Avène RetrinAL - Creme para Área dos Olhos 15ml,247.3,1,Sala 01,Skincare,"https://res.cloudinary.com/beleza-na-web/image/upload/w_1500,f_auto,fl_progressive,q_auto:eco,w_1800,c_limit/e_trim/v1/imagens/product/20052976/76e264f1-9444-4267-859c-ef9955f8d640-20052976-avene-retrinal-anti-idade-olhos-15ml.png",sim
BARBOUS Vitamina Clare Pára apenas manchadas com cicatriz e linha de expressão .,79.09,1,Sala 01,Skincare,https://photos.enjoei.com.br/gel-clareador-de-manchas-vitamina-c-barbous/1200xN/czM6Ly9waG90b3MuZW5qb2VpLmNvbS5ici9wcm9kdWN0cy8yMTYzODI4MC9kZTI3OTJiY2VjZTcxNWQzMmU2Yjc3N2IzYTY1ZWNiOC5qcGc,sim
BIO OIL ÓLEO PARA CUIDADO DA PELE - NATURAL 125M,81,1,Sala 01,Skincare,https://m.media-amazon.com/images/I/616zUOSw-0L._AC_SL1500_.jpg,sim
Base de Maquiagem MAC Studio Fix Fluid | SPF 15 Matte NC20 24h Controle de Oleosidade | 30ml,259,1,Sala 02,Maquiagem,https://cdn.mos.cms.futurecdn.net/7q6rQ7uHYTMU328YB4KNEP.jpg,sim
Bastão Antriatrito Corporal Sallve - Lançamento,116,1,Sala 02,Corpo,"https://res.cloudinary.com/beleza-na-web/image/upload/w_1500,f_auto,fl_progressive,q_auto:eco,w_1800,c_limit/e_trim/v1/imagens/product/20070683/0383892c-f2b1-4006-99d4-1580c7f78d46-sallve-bastao-antiatrito-15g.png",sim
Bernardi Pra' Dei Salt Conegliano Valdobbiadene Brut 750ml,228,6,Sala 02,Vinhos & Bebidas,https://pasvino.de/thumbnail/b2/ef/79/1722017914/schaumwein-glera-pra-dei-salt-bernardi-1000_800x800.png?ts=1723268553,sim
Blush Iluminador Bt Cushion Glow Bruna Tavares 15g Wine,78.9,2,Sala 01,Maquiagem,https://cdn.awsli.com.br/800x800/1824/1824275/produto/379938736/imagem_2025-11-13_081226152-494o1prjsq.png,sim
Body Splash - Cheiro de Rica Floral Intenso e Adocicado,49.9,1,Sala 01,Perfumes,https://down-br.img.susercontent.com/file/sg-11134201-824i3-metvtes5m87698,sim
"Body Splash Afrodite Garden, Colônia Desodorante Feminino 200ml",90,4,Sala 01,Perfumes,https://down-br.img.susercontent.com/file/br-11134207-81z1k-mh3rg6cqew3kf7,sim
Body Splash Barbours Angelical Desodorante Colônia Corporal 200ml,49,10,Sala 02,Perfumes,https://paguemenos.vtexassets.com/arquivos/ids/1024592/Desodorante-Body-Splash-Barbour-s-Beauty-Angelical-200ml.jpg?v=638852460481170000,sim
Body Splash L'Occitane au Brésil Mareô 150ml,127,1,Sala 02,Perfumes,https://http2.mlstatic.com/D_NQ_NP_958323-MLB83258362580_042025-O-kit-presente-mare-body-spray-e-creme-de-mos-loccitane.webp,sim
Body Splash My Sweet Delight Desodorante Colônia 200ml,99,17,Sala 01,Perfumes,https://down-br.img.susercontent.com/file/br-11134207-81z1k-mf8lj51yw7ie72,sim
Boné Approve Vasco Preto,233,1,Sala 01,Moda & Calçados,https://images.tcdn.com.br/img/img_prod/311840/bone_approve_vasco_preto_159695_1_55911887b60495e8f93a2b687bb3efca.jpg,sim
Boné New Era Aba Curva 920 Brand Flag Core Metal Bege Tamanho Un,199,1,Sala 02,Moda & Calçados,https://images.tcdn.com.br/img/img_prod/710966/bone_new_era_920_brand_flag_core_metal_bege_3051_2_76141b3945669f0e626fa748a7c7f03c.jpg,sim
Bota Coturno Feminino Tratorado Preto Fosco Original Dubuy,129,1,Sala 02,Moda & Calçados,https://down-br.img.susercontent.com/file/21fd82b7dd842357544fda820e5f61ca,sim
Bota Coturno Militar Masculino Areia Adventure Confortável**,203,1,Sala 02,Moda & Calçados,https://http2.mlstatic.com/D_NQ_NP_681039-MLB81804523226_012025-O-bota-coturno-militar-masculino-areia-adventure-confortavel.webp,sim
Boticário Cuide-se Bem Feira Creme De Pentear Babosa 200ml,39,5,Sala 02,Cabelo,"https://res.cloudinary.com/beleza-na-web/image/upload/w_1500,f_auto,fl_progressive,q_auto:eco,w_1800,c_limit/e_trim/v1/imagens/product/B55105/b0ac04ab-a454-4e9e-9f7a-e8dc380f22b0-bot-55105-cuide-se-bem-feira-babosa-creme-de-pentear-frontal-01.jpg",sim
Boticário Malbec X Deo Colônia Masculino 100ml,319,1,Sala 01,Perfumes,"https://res.cloudinary.com/beleza-na-web/image/upload/w_1500,f_auto,fl_progressive,q_auto:eco,w_1800,c_limit/e_trim/v1/imagens/products/B30192/MALBEC-DES-COL-X-100ml-B30192_conceito2.jpg",sim
"Bowl De Cristal Martelado Com Borda Dourada Taj 13cm X 6,5cm",41,2,Sala 02,Casa & Utilidades,https://down-br.img.susercontent.com/file/sg-11134201-7rce1-lqzitn7klfdn55,sim
Bt Juicy Oil - Óleo Labial Bruna Tavares,55,1,Sala 01,Maquiagem,https://cdn.iset.io/assets/54712/produtos/16901/btjuicyoilbrunatavaresguava.jpg,sim
CAFETEIRA FRANCESA 300ML,24,1,Sala 01,Casa & Utilidades,https://http2.mlstatic.com/D_NQ_NP_841966-MLB50431438615_062022-F.jpg,sim
Cachaça Extra Premium Carvalho 12 Anos Dom Tápparo 750Ml,248,2,Sala 01,Vinhos & Bebidas,https://images.tcdn.com.br/img/img_prod/1094017/cachaca_extra_premium_carvalho_12_anos_750ml_971_1_c9560e3f222bfa1ff23172acb78b6248.jpg,sim
Cadiveu Blonde Reconstructor Shampoo 1 Litro,153,1,Sala 02,Cabelo,https://d1t9nl6jb56kn8.cloudfront.net/Custom/Content/Products/10/28/1028808_cadiveu-blonde-reconstructor-shampoo-de-limpeza-profunda-1-litro-62520_z1_637333465770794333.png,sim
Café Especial Dark Chocolate Em Grãos Ou Moído 250g Memoê,119,4,Sala 01,Café & Alimentos,http://memoe.com.br/cdn/shop/files/cafe-especial-dark-chocolate-155100.jpg?v=1743191076,nao
"Camiseta , assinatura la Martin Amarelo , sol , Stone , tamanho g .",236,1,Sala 01,Moda & Calçados,https://images.tcdn.com.br/img/img_prod/898214/camiseta_plus_size_stone_amarela_1970_1_2f329db88d27f2a80356a89e1574e58d.jpg,sim
Camiseta Mc Algodao Pima La Martina,236,3,Sala 01,Moda & Calçados,http://www.lamartinabrasil.com/cdn/shop/files/bea44222f9aae07cd3c86e2bb5b8e216.jpg?v=1753988234,sim
"Casa Riachuelo Jogo de cama , bordado Queen , 4 peças Lençol 2 e 40 por 2 e 60 . Um lençol Um lash E 2 fronhas",189.9,1,Sala 01,Casa & Cama,https://down-br.img.susercontent.com/file/da67a6224a1d5f37d83c18b5ee84f03e,sim
Cera Antifrizz Adeus Frizz 12g,79.9,1,Sala 01,Cabelo,https://drogariasp.vteximg.com.br/arquivos/ids/1255961-1000-1000/889717---CERA-ANTIFRIZZ-HIDRATEI-BASTAO-12G-2.jpg?v=638882827769300000,sim
Chinelo Nike Victori One Masculino Nº. 42,219,1,Sala 01,Moda & Calçados,https://imgnike-a.akamaihd.net/1300x1300/009354IRA6.jpg,nao
Choco Wheyfer Wafer +mu 12unidades Chocolate Branco Mais Mu,93,1,Sala 01,Café & Alimentos,https://http2.mlstatic.com/D_NQ_NP_934378-MLB78503398010_082024-O-choco-wheyfer-wafer-mu-12unidades-chocolate-branco-mais-mu.webp,sim
Cobre Leito Solteiro 200 Fios Bordado Dupla Face Decor 2 Pçs,169,1,Sala 01,Casa & Cama,https://down-br.img.susercontent.com/file/br-11134207-7r98o-ln2tswwbj3r8b8,sim
Coloração Profissional Cadiveu Idea Color 60g Todas As Cores,29,12,Sala 02,Cabelo,https://down-br.img.susercontent.com/file/br-11134207-7qukw-librlq5fx03433,sim
Condicionador Booma - 120ml,84,1,Sala 02,Cabelo,https://boomaorganic.com.br/cdn/shop/files/CapturadeTela2025-01-20as14.30.54.png?v=1737394269,sim
Conjunto champagne ave rara,1498,1,Sala 02,Vinhos & Bebidas,https://images.tcdn.com.br/img/img_prod/1001675/conjunto_plie_5_20251104160939_f13b9b7012c8.jpg,sim
Copo Termico Vibe 470ml - Gocase,87,4,Sala 02,Casa & Utilidades,https://http2.mlstatic.com/D_NQ_NP_699035-MLB87647864746_072025-O.webp,sim
Copo Térmico Cerveja + Ebook - Flamengo Lettering Pattern Preto,169,1,Sala 01,Casa & Utilidades,https://http2.mlstatic.com/D_NQ_NP_714140-MLB84903381058_052025-O.webp,sim
Cortador De Cabelo Gama Italy Profissional Maquina Acessorio,169,1,Sala 01,Cabelo,https://down-br.img.susercontent.com/file/9306b0865c181113e0897bb69e5cd2c6,sim
Creme Acetinado Hidratante Corporal L'eau De Lily Soleil,119,1,Sala 02,Skincare,"https://res.cloudinary.com/beleza-na-web/image/upload/w_1500,f_auto,fl_progressive,q_auto:best/v1/imagens/product/B89446/db515943-492d-40e9-8d98-3d3e544712ec-bot-89446-lily-leau-de-soleil-creme-acetinado-01.jpg",sim
Creme Corporal Esfoliante De Coco Cuide-se Bem O Boticário,39,3,Sala 02,Corpo,"https://res.cloudinary.com/beleza-na-web/image/upload/w_1500,f_auto,fl_progressive,q_auto:eco,w_1800,c_limit/e_trim/v1/imagens/product/B53684/dc09ebf0-198f-4aff-a70c-b1e9e0692dad-bot-53684-cuide-se-bem-feira-coco-creme-esfoliante-frontal-01.jpg",sim
Creme Facial Anti-idade Hada Labo - Aging Care Milk 140ml,155,1,Sala 01,Skincare,https://down-br.img.susercontent.com/file/sg-11134201-22100-3gnb4ytbw5iv17,sim
Creme Gel Facial Gota de Colágeno Kokeshi,49,2,Sala 01,Skincare,"https://res.cloudinary.com/beleza-na-web/image/upload/w_1500,f_auto,fl_progressive,q_auto:eco,w_800/v1/imagens/products/MP385875/creme-gel-facial-gota-de-colgeno-kokeshi-3.png",sim
Creme Hidratante Anti-idade Colo E Pescoço Anna Pegova 40ml,799,1,Sala 02,Skincare,https://http2.mlstatic.com/D_NQ_NP_822181-MLB48594159101_122021-O.webp,sim
Creme Hidratante Corporal English Rose Mahogany 350ml,78,2,Sala 02,Skincare,https://http2.mlstatic.com/D_NQ_NP_882476-MLB75122093184_032024-O.webp,sim
Creme Hidratante Perfumado Mawwal Basir 200ml Feminino Original,54,2,Sala 02,Skincare,https://www.worldshop.com.py/img/55358/produtos/960/caa868dd9437324985247dfd2a59cc14.jpg,sim
Creme para Pentear Definição Siàge Pro Cronology Curvas 300ml,49.9,10,Sala 02,Cabelo,"https://res.cloudinary.com/beleza-na-web/image/upload/w_1500,f_auto,fl_progressive,q_auto:eco,w_1800,c_limit/e_trim/v1/imagens/product/E58310/11199214-1e65-4db6-ba54-27873dd6f5ad-e58310-siage-cpp-definicao-pro-cronology-curvas-300ml-4.jpg",sim
Deo Colônia L'Occitane Araucária Poente 100ml Amadeirado Especiado,131,1,Sala 02,Perfumes,https://http2.mlstatic.com/D_NQ_NP_647247-MLB84453996202_052025-O-loccitane-araucaria-poente-deo-colonia-100ml.webp,sim
Deo Colônia Olinda 100 Ml - L'occitane Au Brésil,142,1,Sala 02,Perfumes,https://http2.mlstatic.com/D_NQ_NP_929974-MLB52677568804_122022-O.webp,sim
Desodorante Antitranspirante Aerossol Instance Chá Verde e Romã 150ml/90g,35,9,Sala 02,Higiene,"https://res.cloudinary.com/beleza-na-web/image/upload/w_1500,f_auto,fl_progressive,q_auto:eco,w_800/v1/imagens/products/E47815/DES-AER-INSTANCE-CHA-VERDE_E47815_conceito_.jpg",sim
Desodorante Herbissimo Creme Tradicional Com 12 Unidades,74,4,Sala 01,Higiene,https://down-br.img.susercontent.com/file/ef23eb8d24437ba47b9bbc629af28da9,sim
Desodorante Spray Eudora Club 6 Aerossol 125ml Seco 24h Proteção,29,5,Sala 02,Higiene,https://roujic.com/wp-content/uploads/2025/product/916-desodorante-antitranspirante-aerossol-club-6-125ml-1.webp,sim
Difusor De Aromas,54,1,Sala 02,Casa & Utilidades,https://images.tcdn.com.br/img/img_prod/775329/difusor_de_aromas_essential_alecrim_200_ml_1639_1_b9077c6bd2da25875e29041e24c90653.jpg,sim
Edredom King Dupla Face 200 Fios Algodão Misto Cotton,284,1,Sala 01,Casa & Cama,https://http2.mlstatic.com/D_NQ_NP_799978-MLB82048523181_012025-O-edredom-king-algodo-dupla-face-200-fios-cotton.webp,sim
Escova mágica Para cab,13,1,Sala 01,Cabelo,https://down-br.img.susercontent.com/file/br-11134207-7r98o-lweqfnvmmo5167,sim
Espumante Rio Valley Moscatel 750ml,35,3,Sala 02,Vinhos & Bebidas,https://images.tcdn.com.br/img/img_prod/1322745/espumante_rio_valley_moscatel_branco_zero_alcool_7_1_20251201144242_4591fae86e17.jpeg,sim
Eudora Lyra Loção Hidratante Desodorante Corporal 150ml,33,1,Sala 01,Skincare,"https://res.cloudinary.com/beleza-na-web/image/upload/w_1500,f_auto,fl_progressive,q_auto:eco,w_1800,c_limit/e_trim/v1/imagens/product/E92730/4274b5f4-4414-449b-a7c4-4ee1236948c5-e92730-lyra-locao-hidratante-card.jpg",sim
Exquenta Mais Mu Performance Pré-Treino Amora e Melancia 300g,129,1,Sala 01,Café & Alimentos,https://down-br.img.susercontent.com/file/br-11134207-7r98o-lktoup9w034ma9,sim
"Framboesa , Francine elke , Gloss labial com o mosquetão",89.9,1,Sala 01,Maquiagem,https://down-br.img.susercontent.com/file/br-11134207-7r98o-m8ywhhqje6te7f,sim
GA.MA Italy Barbeador 3 Lâminas GSH887 Sport W&D - USB,99,1,Sala 01,Higiene,https://cdn.awsli.com.br/2500x2500/943/943085/produto/103048870/430744b021.jpg,sim
"Galinha Pintadinha , banho da galinha",69.9,1,Sala 01,Bebê,https://static.fatimacrianca.com.br/public/fatimacrianca/imagens/produtos/banho-da-galinha-pintadinha-elka-6838618bd2f39.png,sim
Garrafa Botafogo Térmica Fresh Mini Gocase Original 350ml,159,1,Sala 02,Casa & Utilidades,https://http2.mlstatic.com/D_NQ_NP_714525-MLB83022297108_032025-O-garrafa-termica-fresh-mini-350ml-branca-gocase-0019.webp,sim
Garrafa Pantone + Kouda Térmica Lilac Solid Grey – 500ml,135,1,Sala 02,Casa & Utilidades,https://a-static.mlcdn.com.br/1500x1500/garrafa-termica-kouda-grey-500ml-pantone-solid-lilac/yellooficial/706156961/f804e34f397cd68c40fb9da1d931f10b.jpg,sim
Garrafa Térmica Gocase Urban Inox Parede Dupla Isolada 500ml,78,8,Sala 02,Casa & Utilidades,https://m.media-amazon.com/images/I/61szNdVyiPL.jpg,sim
Garrafa Térmica Kouda - Bento Go! - 500ml,164,1,Sala 02,Casa & Utilidades,https://lojavirtual.urizun.com.br/image/cache/data/eftr/Img_ftr_rp_384801-1160x1160.PNG?version=20230809202338,sim
Gelatina Umidificadora E Ativadora Crespo Power 300ml Apice,43,1,Sala 02,Cabelo,https://images.tcdn.com.br/img/img_prod/1349542/gelatina_ativadora_e_umidificadora_crespo_power_apice_300ml_15075_2_6f08135296c7c72e9aa8754fee582041.jpg,sim
"Gin Tanqueray London Dry, 750ml",104,29,Sala 01,Vinhos & Bebidas,https://meufestval.vtexassets.com/arquivos/ids/189542/gin-london-dry-tanqueray-garrafa-750ml-festval-5000291020706--1-.jpg?v=638102466486600000,sim
Gocase Bolsa Tote Mini Feminina Reforçada com Alça Transversal Trabalho e Faculdade,189,3,Sala 01,Moda & Calçados,https://down-br.img.susercontent.com/file/br-11134207-7r98o-m8lx3nvbz7gx89,sim
"Gocase Copo Life Premium - Aço Inoxidável com Tampa e Canudo Tritan, Parede Dupla Isolada a Vácuo, Bebidas Quentes ou Frias por muitas Horas (Preto, 600 ml)",199,3,Sala 01,Casa & Utilidades,https://m.media-amazon.com/images/I/31nsA0gPTyL._AC_SY355_.jpg,sim
Gocase Garrafa Fresh,39.9,1,Sala 01,Casa & Utilidades,https://http2.mlstatic.com/D_NQ_NP_678415-MLU76946365567_062024-O.webp,sim
"Gocase Mala de Bordo Trip, 55x35x22 cm, 4 Rodas Giratórias 360°, Cadeado Fixo",493,1,Sala 01,Moda & Calçados,https://m.media-amazon.com/images/I/41FTA4yPkvL._AC_SY300_SX300_QL70_ML2_.jpg,sim
Greenswet Difusor De Aromas Sal E Mar 350ml,185,1,Sala 02,Casa & Utilidades,https://http2.mlstatic.com/D_NQ_NP_723013-MLB84412759072_052025-O.webp,sim
Hadiya Eau De Parfum 75ml O Boticário,249,1,Sala 02,Perfumes,"https://res.cloudinary.com/beleza-na-web/image/upload/f_auto,c_fit,c_fill,h_650,w_488,q_auto:eco,fl_progressive,q_auto:best/v1/imagens/product/605711c9-302e-4422-b155-54df522acaf4-1/749e63b2-e204-4e8b-be78-caee1485bd4b-16293117808861477800a5d17808-465f-48de-a392-37bd41afec40.jpeg",sim
Hidratante Colorido Nars Pure Radiant Spf 30 Pa+ 02 Alaska 5,436,1,Sala 01,Skincare,https://i5.walmartimages.com/asr/d0d1954c-0ab1-491d-8f72-3509e1f867f5.cdffb7c98d8111c24a5306c97ed94a3a.jpeg,sim
Hidratante Corporal La Bella Itália 200 Ml Chipre Moderno Frutal,39,1,Sala 02,Skincare,https://http2.mlstatic.com/D_NQ_NP_983938-MLB84963544128_052025-O.webp,sim
Hidratante Facial Pele de Porcelana,34.9,2,Sala 01,Skincare,https://down-br.img.susercontent.com/file/0c44ed6e3f8006cc2d30fc846589a129,sim
Hidratante Geléia My Sweet Delight 200g - Barbours Beauty Floral,59.9,1,Sala 01,Skincare,https://http2.mlstatic.com/D_NQ_NP_853087-MLB91988919742_092025-O.webp,sim
Hidratante Renovador Olhos de Gueixa Kokeshi 15g,30,1,Sala 01,Skincare,https://down-br.img.susercontent.com/file/br-11134207-7r98o-lnijmmlhi9wpb7,sim
Hidratante Renovador para Área dos Olhos - Olhos de Gueixa Kokeshi,25,3,Sala 01,Skincare,"https://res.cloudinary.com/beleza-na-web/image/upload/w_1500,f_auto,fl_progressive,q_auto:eco,w_1800,c_limit/e_trim/v1/imagens/products/MP385865/hidratante-renovador-rea-dos-olhos-olhos-de-gueixa-kokeshi-7.png",sim
Hidratante Renovador para Área dos Olhos - Olhos de Gueixa Kokeshi,24,2,Sala 02,Skincare,https://a-static.mlcdn.com.br/800x560/hidratante-renovador-para-area-dos-olhos-olhos-de-gueixa-kokeshi-kokeshi-cosmeticos/kokeshi/0002/ab48fb5af6f505bf60cea3fd3dc311b8.jpeg,sim
Hidratante Vult Corpo Hidraluronic 300ml Hidratacao Intensiva Refil,19,1,Sala 02,Skincare,"https://res.cloudinary.com/beleza-na-web/image/upload/w_1500,f_auto,fl_progressive,q_auto:eco,w_1800,c_limit/e_trim/v1/imagens/product/Z52444/6e1e6d96-762d-452c-8feb-a57330accadf-52444-3.jpg",sim
Ilike Leave-in Engrossa Cabelo - 300ml,35,1,Sala 02,Cabelo,https://coprobel.vteximg.com.br/arquivos/ids/287790-1000-1000/14934.jpg?v=638787826283930000,sim
Jarra 2l Tupperware Policarbonato Transparente,180,1,Sala 01,Casa & Utilidades,https://http2.mlstatic.com/D_NQ_NP_781375-MLB46587687926_072021-O.webp,sim
"Jarra De Cristal Para Servir Palm Tree 1,5l Wolff",53,1,Sala 02,Casa & Utilidades,https://dcdn.mitiendanube.com/stores/001/860/455/products/jarra-15l-palm-tree-cristal-wolff-ref-27439estoque-2peso-1-985kg-medidas-a21xl21xc275cm-de-r11900-por-r8900-8e75313bc6017d6af617212258314413-640-0.jpg,sim
"Jequiti Champô anti resíduo detox , nova fórmula presente ml",20,1,Sala 01,Cabelo,https://http2.mlstatic.com/D_NQ_NP_753640-MLU74318420335_012024-O.webp,sim
Jogo De 6 Taças 365ml Borda Dourada Cameratta L´hermitage,159,1,Sala 02,Casa & Utilidades,https://a-static.mlcdn.com.br/800x560/jogo-de-6-tacas-cameratta-em-vidro-com-borda-dourada-365ml-l-hermitage/aeutilidadesedecoracoes/29064/805ee238c5b0ef0308a7cba2a4957b39.jpeg,sim
Jogo Tabuleiro Perfil 7 De Quantas Dicas Voce Precisa Grow,109,1,Sala 01,Outros,https://rihappy.vtexassets.com/arquivos/ids/6375248/jogo-perfil-7-grow_detalhe1.jpg?v=638585714965000000,sim
Kiss New York Rk Cotton Pequena - Esponja Para Pó Solto 3g,12,1,Sala 02,Maquiagem,"https://res.cloudinary.com/beleza-na-web/image/upload/w_1500,f_auto,fl_progressive,q_auto:eco,w_1800,c_limit/e_trim/v1/imagens/product/57047/bfe03058-f300-4dd5-9ef0-3df63565ba95-57047-kiss-new-york-rk-by-kiss-esponja-cotton-algodao-pequena-3g.jpg",sim
Kit 2 Cxs Boticário Cuide-se Bem Deleite Sabonetes Em Barra 4 Unid,49,1,Sala 01,Higiene,https://down-br.img.susercontent.com/file/br-11134207-7r98o-m5qc1rky193k1d,sim
Kit Apse Cachos Anti Porosidade Ativador + Ph Control 300g,105,1,Sala 02,Cabelo,https://down-br.img.susercontent.com/file/sg-11134201-7rd6a-lualnjnkxdce84,sim
Kit Banho Bubbles Essential Shampoo Neutro E Condicionador,945,1,Sala 01,Cabelo,https://cdn.awsli.com.br/2500x2500/2108/2108144/produto/352451835/12e3690438c93ff629752dfbe9a05298-iqjmkde1o5.jpg,sim
Kit Cachos Definidos Completo - 4 Produtos - Amazônico Care,158.9,1,Sala 01,Cabelo,https://down-br.img.susercontent.com/file/sg-11134201-7rdy6-mdou4omk88yy7b,sim
Kit Capilar Shampoo E Condicionador Sólido,75,2,Sala 02,Cabelo,"https://res.cloudinary.com/beleza-na-web/image/upload/w_1500,f_auto,fl_progressive,q_auto:eco,w_1800,c_limit/e_trim/v1/imagens/product/MP82259/8671a90b-8d51-418a-b5a8-3c4686acd772-629a6db0fc36bf54b0d3270a-14733778719987047647.jpg",sim
Kit Frescor Capim-limão & Mate L'occitane 2x30ml,129,3,Sala 01,Perfumes,https://cdn.awsli.com.br/2500x2500/2429/2429224/produto/382791801/133f10c83b905c68a0c59071a9dfd917-zv9w42wqeg.jpg,sim
"Kit Scalp Care - Shampoo, Condicionador e Máscara (3 itens)",145,1,Sala 01,Cabelo,https://www.apicecosmeticos.com.br/cdn/shop/files/9a3e552f472810a6629d5a41b3da8909.png?v=1744915579,sim
Kit lily creme acetinado hidratante corporal 75 g e 2 sabonete em barra oboticario..,99.9,3,Sala 01,Skincare,"https://res.cloudinary.com/beleza-na-web/image/upload/w_1500,f_auto,fl_progressive,q_auto:best/v1/imagens/product/B2024020320/4929e265-7934-4fa3-b533-6c1b4f31a374-b2024020320-combo-lily-creme-acetinado-refil-250g-preview.jpg",sim
Kérastase Densifique Bain Densité - Shampoo 250ml,233,1,Sala 02,Cabelo,https://m.media-amazon.com/images/I/61ARFGdrZiL.jpg,sim
L'Occitane au Brésil Spray Perfumado Feminino Bafafá 150ml Pitanga e Toranja,106,1,Sala 02,Perfumes,https://fimgs.net/mdimg/secundar/o.140720.jpg,sim
Leave In Booma 100ml,79,1,Sala 02,Óleos & Séruns,https://m.media-amazon.com/images/I/31a5aTRo8KL._AC_SY300_SX300_QL70_ML2_.jpg,sim
Leave-in 2 em 1 Bubbles Hipoalergênico para Cão Gato 500ml,96,1,Sala 01,Óleos & Séruns,https://http2.mlstatic.com/D_NQ_NP_825446-MLB69250326309_052023-O.webp,sim
Limpa Vidros Efeito Invisível Repelente Água E Sujeira 236ml,88,1,Sala 02,Limpeza,https://http2.mlstatic.com/D_NQ_NP_961567-MLB90035351999_082025-O.webp,sim
Lip Gloss People Colour,40,1,Sala 02,Maquiagem,https://cdn1.staticpanvel.com.br/produtos/15/91461-15.jpg?ims=424x,sim
Lipo Firma Gel Liporedutor E Firmador Anna Pegova,551,1,Sala 02,Skincare,"https://res.cloudinary.com/beleza-na-web/image/upload/w_1500,f_auto,fl_progressive,q_auto:eco,w_1800,c_limit/e_trim/v1/imagens/5/anna-pegova-lipo-firma-gel-redutor-de-medidas-e-firmador-100ml-30334-9190797003560797042.png",sim
"Lla Marina , camiseta , couro , barra . Tamanho g Cor paçoca , stone",236,1,Sala 01,Moda & Calçados,https://cdn.awsli.com.br/800x800/2609/2609403/produto/323395215/6f3f4f1d-3cb4-4eea-ae1a-e574de051996-orh7fm65rr.jpg,sim
Loreal Profissional Gold Quinoa Absolut Repair 500g Original,319,1,Sala 02,Cabelo,https://http2.mlstatic.com/D_NQ_NP_609511-MLB76381720280_052024-O.webp,nao
Loção Facial Anti-idade Hada Labo - Aging Care Lotion 170ml,164,1,Sala 01,Skincare,https://down-br.img.susercontent.com/file/br-11134207-7r98o-m1bx82zjg6xu73,sim
"Lívia , rafaelli . LR 25 , branco número 37 .",89.9,1,Sala 01,Moda & Calçados,https://acdn.mitiendanube.com/stores/003/936/354/products/0ac8d6b2b3a11ea37159f11b45540725-b237338cecb302936517347257893809-640-0.png,sim
Lívia rafa LR 25 . Preto . Número 35,89.9,1,Sala 01,Moda & Calçados,https://acdn.mitiendanube.com/stores/003/936/354/products/ccb2beecee390a082a3fbcce6e810808-bf665aac35d869212c17347290077842-640-0.jpeg,sim
MELISSA LADYLIKE 39/40,149.9,1,Sala 01,Moda & Calçados,https://meninashoes.vtexassets.com/arquivos/ids/478446/Cor-BE582-MELISSA-LADYLIKE-AD-Variacao-3.jpg?v=638617623202300000,sim
Mahogany Fragrância Uma Tarde Na Toscana 100ml,141,1,Sala 02,Perfumes,https://down-br.img.susercontent.com/file/d34b4c4ed92630e3bc2c3f93bff3abac,sim
Manta Bebê Antialérgica Cobertor Infantil Enxoval Bebê Minky,85,1,Sala 01,Casa & Cama,https://down-br.img.susercontent.com/file/br-11134207-7r98o-lr7v3m2tptff95,sim
Manteiga Corporal Hidratante Natural 250g Tikbutter Fragrância Algodão Doce,29,1,Sala 02,Corpo,https://http2.mlstatic.com/D_NQ_NP_612260-MLB83098254772_032025-O-manteiga-corporal-hidratante-algodao-doce-tikbutter-250g.webp,sim
Mascara Nutrioil Loreal 250g Nutrição E Brilho Sem Silicone,209,1,Sala 02,Cabelo,https://http2.mlstatic.com/D_NQ_NP_604956-MLB77489240755_072024-O.webp,sim
Mawwal Janah Eau De Parfum - Perfume Unissex 100ml,327,1,Sala 02,Perfumes,https://panvelprd.vteximg.com.br/arquivos/ids/338449?ims=424x,sim
"Mel de Terroir Professional Mbee 1,4Kg",95,2,Sala 02,Café & Alimentos,https://santaluzia.vteximg.com.br/arquivos/ids/967813-1000-1000/1243837.jpg?v=637385224168700000,sim
Melissa Flip Flop Slim V Original 3,139,1,Sala 01,Moda & Calçados,https://down-br.img.susercontent.com/file/sg-11134201-7rbl9-lnd8hgv0b36ic4,sim
Mochila Nike Utility Elite Masculina,899,1,Sala 01,Moda & Calçados,https://imgnike-a.akamaihd.net/1366x1366/0229077TA2.jpg,nao
Mochila de Carrinho 2 Rodas Play - Clear,229,10,Sala 01,Moda & Calçados,https://down-br.img.susercontent.com/file/br-11134207-7r98o-m9xef2os4fsy40,sim
Molho Mrs Chicken Mrs Taste - 320g,27,1,Sala 02,Café & Alimentos,https://down-br.img.susercontent.com/file/br-11134207-7r98o-lzrzp09hd2qtcc,sim
"Multivitamínico Complete, 90 Cápsulas, Complete Bari",176,2,Sala 01,Café & Alimentos,https://www.vitaminasbrasil.com/upload/produto/imagem/s_ceaee137a5e43d789989c44a13a9c393.webp,sim
Máscara Selante Reparação Pro Performance 900ml,0,1,Sala 02,Cabelo,http://www.belezaexpert.com.br/cdn/shop/files/MascaraSelanteReparacaoProPerformance900ml.png?v=1758831530,sim
Máscara de Cílios Para Olhares Maduros Le Moritz Cor Preto,104,1,Sala 02,Maquiagem,https://http2.mlstatic.com/D_NQ_NP_713828-MLA87962334515_072025-O.webp,sim
"NIVEA Protetor Solar Facial UV Face Controle de Oleosidade FPS 60 50ml, Muito Alta Proteção UVA/UVB, Efeito Matte, Controle do Brilho, Cuidado Diário",68,1,Sala 02,Skincare,https://drogariasp.vteximg.com.br/arquivos/ids/1150859-1000-1000/869554---Protetor-Solar-Facial-Nivea-Sun-UV-Face-FPS-60-Controle-de-Oleosidade-Cor-Clara-50ml_0003_0.png?v=638610717579830000,sim
Nativaspa Refil Hidratante Uva Merlot 350ml Uva,55,1,Sala 02,Skincare,https://http2.mlstatic.com/D_NQ_NP_660024-MLB84723574454_052025-O.webp,sim
O Boticário Anni Desodorante Colônia 100ml,132,1,Sala 02,Perfumes,"https://res.cloudinary.com/beleza-na-web/image/upload/w_1500,f_auto,fl_progressive,q_auto:eco,w_1800,c_limit/e_trim/v1/imagens/product/B2025050721/567c1cfe-99a5-420d-938b-f9bb6c5e42cf-bot-2025050721.jpg",sim
O Boticário Coffee Woman Seduction Deo-colônia 100ml para feminino,169,1,Sala 01,Perfumes,"https://res.cloudinary.com/beleza-na-web/image/upload/w_1500,f_auto,fl_progressive,q_auto:eco,w_1800,c_limit/e_trim/v1/imagens/product/B74032/784d5efa-9a42-4897-b1c4-c9224acc741f-coffee-woman-seduction-desodorante-colonia-100-ml.png",sim
O Boticário Zaad Expedition EDP 95ml para masculino,299,1,Sala 01,Perfumes,https://down-br.img.susercontent.com/file/br-11134207-7r98o-ma4erholncshc5,sim
Oe 10 Ml Eucalipto Glóbulos Gt Brasil,54,1,Sala 01,Outros,https://drogariasp.vteximg.com.br/arquivos/ids/828290-1000-1000/image-f68c260a7d2d4b409e04141e7d456db4.jpg?v=638112831379230000,sim
Olympikus Citrus 2 2 Feminino 43759258,171,1,Sala 02,Moda & Calçados,https://imgmarketplace.lojasrenner.com.br/20001/6117/7010705632979/7510712077786/7.jpeg,sim
Organizador multiuso 10 cm .,20,1,Sala 01,Casa & Utilidades,https://www.paramountplasticos.com.br/wp-content/uploads/2022/09/1251-1.jpg,sim
PUMA Speedcat Og Tênis feminino casual com cadarço - preto,968,1,Sala 01,Moda & Calçados,https://ostoresneakers.vteximg.com.br/arquivos/ids/232006-500-500/tenis-puma-speedcat-400986_01-0.jpg?v=638990135331700000,sim
"Partex , jogo de lençol . Contém 3 peças , 1 e 60 , 1 e 60 por 2 m .",198.2,1,Sala 01,Casa & Cama,https://images.tcdn.com.br/img/img_prod/464197/jogo_de_lencol_cama_solteiro_3_pecas_400_fios_ponto_infinity_3922_1_571f0e2df95e06091f56b253681cfc0e.jpeg,sim
"Partex P Queim Tecido , sai ou piqu 1 e 60 por 2 e 3 .",179.9,1,Sala 01,Casa & Cama,https://http2.mlstatic.com/D_NQ_NP_2X_678383-MLB43485539373_092020-F.jpg,sim
Patins Traxart Freestyle Revolt Preto - Abec-9,899,1,Sala 01,Outros,https://sportinline.com.br/wp-content/uploads/2023/04/Patins-Inline-Freestyle-Traxart-Revolt-Preto-Rodas-Pretas-Diagonal_1_1800x1800-1.jpg,sim
Perfume Capilar Very Sexy Barbour's Beauty Proteção Térmica 50ml,51,1,Sala 01,Cabelo,https://down-br.img.susercontent.com/file/sg-11134201-7rbnd-m5ximqaoad8455,sim
Perfume Carolina Herrera Good Girl Eau de Parfum 150 ml feminino,774,1,Sala 02,Perfumes,https://microless.com/cdn/products/a775cea1a57f315ce86aa46084929e57-hi.jpg,sim
Perfume Colônia Cebolinha Masculino Turma Da Mônica Jequiti,69,1,Sala 01,Perfumes,https://images.tcdn.com.br/img/img_prod/1349542/colonia_masculina_jequiti_cebolinha_turma_da_monica_50ml_20641_1_cf7140cd9ace05deeaa9bf474c2593f3.png,sim
Perfume Deo Colônia Lescent N21 Luxe Saint-tropez 25ml Mascu,58.9,1,Sala 01,Perfumes,https://down-br.img.susercontent.com/file/br-11134207-81z1k-meg3wiin8a2p04,sim
Perfume E Body Splash Sitar Mawwal Feminino,296,1,Sala 02,Perfumes,https://http2.mlstatic.com/D_NQ_NP_674085-MLB99651160683_112025-O.webp,sim
Perfume Feminino Luminous Flowers Zyone 10ml,35,1,Sala 02,Perfumes,https://hprospera.com.br/wp-content/uploads/2024/09/Perfume-luminuos-flowers-10ml.jpg,sim
Perfume Feminino Scapin OUi 245 EDP 30ml Oui,245,1,Sala 01,Perfumes,https://http2.mlstatic.com/D_NQ_NP_791973-MLB48257636998_112021-F.jpg,sim
Perfume Gelato Pistache Bubbles 300ml Cães Gatos Pet Shop Pistache,125,1,Sala 01,Perfumes,https://dricaenfeites.com.br/wp-content/uploads/2025/08/04c369e5efb5150f36b5e99152d9b7aa-800x800.webp,sim
Perfume Masculino Loyal 28ml - Zyone,78,2,Sala 02,Perfumes,https://http2.mlstatic.com/D_NQ_NP_753080-MLB77997128907_072024-O.webp,sim
Perfume Mawwal Fantasy Halem 100ml Floral Amadeirado Rosa e Tangerina,275,1,Sala 02,Perfumes,https://paguemenos.vtexassets.com/arquivos/ids/1025002/Mawwal-Fantasy-Halem-Eau-De-Parfum---Perfume-Feminino-100ml.jpg?v=638852485315130000,sim
Perfume Mawwal Oasisturab 100ml,245,1,Sala 02,Perfumes,https://mawwal.com.br/cdn/shop/files/Oasis_Turab_3_046fb6d6-d263-4bd5-bb71-3d13f61c7ae1.png?v=1753728860,sim
Perfume Mawwal Sense Ghamra Masculino 100ml Eau de Parfum 2024,257,1,Sala 02,Perfumes,https://armazemdoscosmeticos.agilecdn.com.br/25394_1.jpg,sim
Perfume Quasar Vision Colônia O Boticário - 100ml,153,1,Sala 01,Perfumes,https://http2.mlstatic.com/D_NQ_NP_636835-MLB89129435214_082025-O.webp,sim
Perfume para cabelo / finalizador termoativo Very Sexy,119,5,Sala 01,Cabelo,https://vendah.com.br/cdn/shop/files/perfume-para-cabelo-finalizador-termoativo-very-sexy-produtos-para-pentear-o-cabelo-862140.png?v=1749671528,sim
Perfume Árabe Mawwal Mystic Jawhar Parfum 100ml Floral Âmbar,163,1,Sala 02,Perfumes,https://armazemdoscosmeticos.agilecdn.com.br/25414_1.jpg,sim
Perfume Árabe Mawwal Najma 100ml Eau De Parfum Unissex Original,235,1,Sala 02,Perfumes,https://http2.mlstatic.com/D_NQ_NP_611175-MLB91557259972_092025-O.webp,sim
Perfume Árabe Mawwal Sitar Spray Feminino 250ml,79,1,Sala 02,Perfumes,https://fimgs.net/mdimg/perfume/o.106690.jpg,sim
Polietilenoglicol 4000 500gr Refil Sem Sabor,54,1,Sala 01,Outros,https://images.tcdn.com.br/img/img_prod/468484/peg_4000_polietilenoglicol_500_g_sem_sabor_4581_1_a3aaa20b4c0ed7fb8d8a6e73961d5a56.png,sim
Porta Cartão Floater Alça De Mão,69,2,Sala 02,Moda & Calçados,https://down-br.img.susercontent.com/file/br-11134207-7r98o-m7nrkjzx2bsydd,sim
Pote Feijão 2kg Tupperware Cor Pop,96,1,Sala 01,Casa & Utilidades,https://a-static.mlcdn.com.br/800x560/tupperware-caixa-feijao-pop-box-2kg/tupperwaredoiscoracoesii/1a36b59c0acc11ee89584201ac185049/2d9fd221885a1476fc4928640d2fbf73.jpeg,sim
Protetor Colchão SulBrasil Premium Impermeável Queen Branco,109,9,Sala 01,Casa & Cama,https://down-br.img.susercontent.com/file/ef821fe5cbe1471592b444179cdd0a7c,sim
Puma Tênis Masculino Flyer Lite 3 Running,309,1,Sala 01,Moda & Calçados,https://imgmarketplace.lojasrenner.com.br/20001/1567/7010705870316/7510712688208/0.jpeg,sim
"Qualquer Creme , gel , gota de colágeno . Copaíba",20,1,Sala 01,Skincare,https://http2.mlstatic.com/D_NQ_NP_727538-MLA82292403108_022025-O.webp,sim
Rain X Anti-fog 12oz,277,1,Sala 01,Limpeza,https://lzd-img-global.slatic.net/g/p/4af0fa39580193c7e3be40a5072ee40b.jpg_720x720q80.jpg_.webp,sim
Reconstrutor Cerâmico Gladius 500ml Vonixx,53,1,Sala 01,Limpeza,https://images.tcdn.com.br/img/img_prod/1109830/gladius_vonixx_500ml_reconstrutor_cermico_para_vit_3_20250906093526_f7d8ccc31c25.png,sim
Refil Difusor de Ambiente Giovanna Baby Essentials Blue 560ml,119,1,Sala 01,Casa & Utilidades,https://giovannababy.vteximg.com.br/arquivos/ids/158100-1200-1200/frasco_Refil_Blue_Perfume.jpg?v=637687076095170000,sim
Rocim Vale Do Rocim Tinto 750ml - Portugal,142,3,Sala 02,Vinhos & Bebidas,https://http2.mlstatic.com/D_NQ_NP_627133-MLU77632576101_072024-O.webp,sim
"SKIN.Q Hidratante toda . Regenerada Vitamina B 5 , ácido hialurônico , extrato de ginseng 50 ml . Quem disse , Berenice",22,1,Sala 01,Skincare,https://m.media-amazon.com/images/I/51E8ppt0u7L._AC_SL1500_.jpg,sim
"Sabe online Maria natureza , nutrição extraordinária , creme para pentear vegano 250 ml .",39.6,1,Sala 01,Cabelo,https://m.media-amazon.com/images/I/51cGmZQ6EwL._AC_SL1000_.jpg,sim
Sabonete Infantil Líquido de Glicerina Pampers 200ml,26,2,Sala 01,Bebê,https://drogariasp.vteximg.com.br/arquivos/ids/965075-1000-1000/825360---Sabonete-Infantil-Liquido-Pampers-Glicerina-Da-Cabeca-Aos-Pes-200ml-1.jpg?v=638300793524300000,sim
Sabonete Líquido Corporal Cuide-se Bem Bob Esponja Patrick Estrela 250ml,16,4,Sala 02,Higiene,"https://res.cloudinary.com/beleza-na-web/image/upload/w_1500,f_auto,fl_progressive,q_auto:eco,w_1800,c_limit/e_trim/v1/imagens/product/B56447/4373e413-d072-4953-9ced-479ce7bf488e-bot-56447-cuide-se-bem-bob-esponja-sabonete-liquido-ambientada-03.jpg",sim
"Salonline , Maria natureza . Hidratação sem pesar . Óleo e água de coco , condicionador vegano , 250 ml .",30,1,Sala 01,Cabelo,https://www.salonline.com.br/file/v3997894440001761565/collections/Banner-Maria-HIdratacao-mobile.jpg,sim
"Salonline , SOS caixas protrate 10 em um multibenefícios 300 ml",32.6,1,Sala 01,Cabelo,https://http2.mlstatic.com/D_NQ_NP_970991-MLB81753814399_012025-O-salon-line-sos-10-em-1-multibeneficios-ativador-300ml.webp,sim
"Salonline , SOS bomba original , nova fórmula , tônico fortalecedor , força e crescimento 100 ML",45.4,1,Sala 01,Cabelo,https://valonlinestore.com/wp-content/uploads/2022/02/991363_salon-line-tonico-100ml-sos-bomba-vitaminas-antiqueda-533164_l2_638101628695139192.jpg,sim
"Salonline , SOS bomba original , tônico , fortalecedor , crescimento . CML",45,1,Sala 01,Cabelo,https://down-br.img.susercontent.com/file/br-11134207-7r98o-lv5082fqb5pl47,sim
"Salonline , Hidra , creme para pentear hidratação intensiva . 3 em um 3 em ml",31,1,Sala 01,Cabelo,https://down-br.img.susercontent.com/file/sg-11134201-7rdvi-m15qn7gwspw9b0,sim
"Salonline , Maria natureza , hidratação sem pes Óleo e água de coco , creme para pentear vegano , 250 ml",15,1,Sala 01,Cabelo,https://www.salonline.com.br/ccstore/v1/images/?source=/file/v4851685175630321105/products/SKU-31654.jpg,sim
"Salonline , Maria natureza , hidratação sem pesar . Óleo e água de coco , máscara vegana , 200 g .",14,1,Sala 01,Cabelo,https://www.salonline.com.br/ccstore/v1/images/?source=/file/v9089980343079126508/products/SKU-31638.jpg,sim
"Salonline , Maria natureza , hidratação sem pesar Olho de água De coco , shampoo vegano , 250 ml",15,1,Sala 01,Cabelo,https://www.adoromaquiagem.com.br/wp-content/uploads/2024/01/1-Shampoo-Maria-Natureza-Hidratacao-Sem-Pesar-Salon-Line--jpg.webp,sim
"Salonline , Maria natureza , nutrição extraordinária , creme para pentear vegano 250 g .",17,1,Sala 01,Cabelo,https://m.media-amazon.com/images/I/51cGmZQ6EwL._AC_SL1000_.jpg,sim
"Salonline , Maria natureza , nutrição extraordinária , shampoo vegano , 250 ml",17,1,Sala 01,Cabelo,"https://res.cloudinary.com/beleza-na-web/image/upload/w_1500,f_auto,fl_progressive,q_auto:eco,w_800/v1/imagens/product/MP228135/5c686eb4-cac1-4cbc-b406-2b78a053365d-2024-04-24t112039653914248-shampoo-maria-natureza-nutricao-extraordinaria-salon-line-250mljpg4530074202988441775.jpg",sim
"Salonline , Maria natureza , nutrição extraordinária Morumbiru e abacate . Condicionador vegano , 250 ml",22,1,Sala 01,Cabelo,https://m.media-amazon.com/images/I/51Z-rW+i2aL._AC_SY300_SX300_.jpg,sim
"Salonline , Maria natureza , reconstrução reparadora . Gelatina vegetal , máscara vegana , 200 g .",22,1,Sala 01,Tratamento Capilar,https://down-br.img.susercontent.com/file/br-11134201-7r98o-luz2r3kgtshi8d,sim
"Salonline , Maria natureza , reconstrução reparadora queratina vegetal , máscara vegana , 200 g .",25,1,Sala 01,Tratamento Capilar,https://down-br.img.susercontent.com/file/br-11134201-7r98o-luz2r3kgtshi8d,sim
"Salonline , Maria natureza Nutrição extraordinária Muro murru e abacate , shampoo vegano para cabelo desnutridos , 250 ml",32,1,Sala 01,Cabelo,https://http2.mlstatic.com/D_NQ_NP_886841-MLB73568026057_122023-O.webp,sim
"Salonline , S Bomba original Máscara hidratante Crescimento 1 kg .  Cada um é um aqui . Meu Deus . Vamos lá",16,1,Sala 01,Cabelo,https://panvelprd.vteximg.com.br/arquivos/ids/313542,sim
"Salonline , SOS , caixas de repente , pronta Acidificante antiporosidade , equilíbrio do PH 300 ml",19,1,Sala 01,Tratamento Capilar,https://m.media-amazon.com/images/I/51vEZgUc0BL._AC_SX522_.jpg,sim
"Salonline , SOS , hidratação . Xampu e condicionador , óleo de ricio , 1 l cada .",22,1,Sala 01,Cabelo,https://cdn.awsli.com.br/2500x2500/2390/2390749/produto/2524911951857ad7395.jpg,sim
"Salonline , SOS bomba original , condicionador crescimento 300 ml .",24,1,Sala 01,Cabelo,https://drogal.vtexassets.com/arquivos/ids/233110/112992.jpg?v=638608844183500000,sim
"Salonline , SOS bomba original , shampoo , crescimento . 300 ml",19,1,Sala 01,Cabelo,https://www.salonline.com.br/ccstore/v1/images/?source=/file/v2435435223449267879/products/95007-V1.jpg,sim
"Salonline , SOS bomba original , shampoo , força e engrossamento 300 ml",22,1,Sala 01,Cabelo,https://images.tcdn.com.br/img/img_prod/926373/shampoo_s_o_s_bomba_original_forca_e_engrossamento_salon_line_300ml_7791_1_c6f6595cee4955963e1c7e4ab57a5648.png,sim
"Salonline , SOS bomba original , tônico fortalecedor sem ml",26,1,Sala 01,Cabelo,https://valonlinestore.com/wp-content/uploads/2022/02/991363_salon-line-tonico-100ml-sos-bomba-vitaminas-antiqueda-533164_l2_638101628695139192.jpg,sim
"Salonline , SOS bomba original . Força e crescimento sem ml .",22,1,Sala 01,Cabelo,https://statics.docmorris.pt/static/promofarma/prod/product_images/z/CTCZHHJ0_pt_PT_0.png,sim
"Salonline , SOS bomba original Máscara hidratante , crescimento 1 kg .",21,1,Sala 01,Cabelo,https://content.intellibrand.ai/image/3C0B410F-22EC-4585-9557-B96497DB41C4/f2af1b71bf3a11ee39b60193a1d5935b/1000X1000/7898524347687_2.jpg,sim
"Salonline , SOS bomba original creme para pentear antiqueda e resistência , 300 ml .",21,1,Sala 01,Cabelo,https://lojasrede.vtexassets.com/arquivos/ids/414865/809919_1.jpg?v=638733397281870000,sim
"Salonline , SOS bomba original creme para pentear crescimento 500 ml .",19,1,Sala 01,Cabelo,https://dannycosmeticos.vtexassets.com/arquivos/ids/333836/creme-para-pentear-s-o-s-bomba-crescimento-salon-line-500ml-7898623951662-1.jpg?v=638145900390700000,sim
"Salonline , SOS bombo original shampoo crescimento 500 ml .",23,1,Sala 01,Cabelo,https://down-br.img.susercontent.com/file/e8b85ab7573c7afed107e2826b582f23,sim
"Salonline , SOS bonbo original Champô , força e engrossamento . 300 ml .",25,1,Sala 01,Cabelo,https://down-br.img.susercontent.com/file/sg-11134201-824im-mebagt74bi0we8,sim
"Salonline , SOS cachos , azeite de oliva . Uma hectação absoluta , ativador de caixas . 300 ml .",26,1,Sala 01,Cabelo,"https://res.cloudinary.com/beleza-na-web/image/upload/w_1500,f_auto,fl_progressive,q_auto:eco,w_1800,c_limit/e_trim/v1/imagens/product/76605/a4268330-160e-4ecb-a293-b40028ff85e2-salon-line-sos-cachos-azeite-de-oliva-ativador-de-cachos-1000ml.png",sim
"Salonline , SOS cachos Protrate 10 em um multibenefícios , condicionador 300 ml .",25,1,Sala 01,Cabelo,https://http2.mlstatic.com/D_NQ_NP_721360-MLB81483999472_012025-O-salon-line-sos-10-em-1-multibeneficios-condicionador-300ml.webp,sim
"Salonline , SOS caixas , de repente , pronta condicionador ultragros 8 vezes mais desembaraço 500 ml .",22,1,Sala 01,Cabelo,https://imgmarketplace.lojasrenner.com.br/20001/6048/7010704901449/7510710323785/7.jpeg,sim
"Salonline , SOS caixas . Óleo de coco , mas Máscara de hidratação intensa , 500 g .",19,1,Sala 01,Cabelo,"https://static.wixstatic.com/media/295529_b1159c0d40f44bb0a086ce56fb5ad350~mv2.jpg/v1/fit/w_500,h_500,q_90/file.jpg",sim
"Salonline , SOS hidratação , máscara concentrada , café e glicerina , 1 kg .",21,1,Sala 01,Cabelo,https://www.afromarkets.ao/wp-content/uploads/2023/05/site-26.jpg,sim
"Salonline , SOS hidratação , máscara concentrada , óleo de rcínio ou 1 kg ?",25,1,Sala 01,Cabelo,https://cdn.awsli.com.br/2500x2500/2752/2752602/produto/280727176/637393-0-8yi1sfzsm4.jpg,sim
"Salonline , SOS hidratação , máscara concentrada a 1 kg",22,1,Sala 01,Cabelo,https://a-static.mlcdn.com.br/800x560/mascara-concentrada-salon-line-s-o-s-hidratacao-oleo-de-ricino-1kg/perfumariateruya/637393/4dc1bc724d23c953a1fcfb6d71f86064.jpeg,sim
"Salonline , SOS hidratação , shampoo mais condicionador , óleo de ricílio , 1 l cada",23,1,Sala 01,Cabelo,https://cdn.awsli.com.br/2500x2500/2752/2752602/produto/280727523/637405-0-29p7042ylm.jpg,sim
"Salonline , creme para pente Definição natural panifris 1 kg .",29,1,Sala 01,Cabelo,https://paguemenos.vtexassets.com/arquivos/ids/1116767/creme-para-pentear-salon-line-condicionador-definicao-natural-antifrizz-1kg-principal.png?v=639017676151730000,sim
"Salonline , creme para pentear definição intensiva , nutrição e memorização dos cachos 500 g .",37,1,Sala 01,Cabelo,https://http2.mlstatic.com/D_NQ_NP_711555-MLB85779655028_062025-O.webp,sim
"Salonline , creme para pentear definição intenso , antifriz 500 g .",32,1,Sala 01,Cabelo,https://dannycosmeticos.vtexassets.com/arquivos/ids/405807/creme-para-pentear-definicao-intensa-salon-line-500g-7908458326778-1.png?v=638677982519330000,sim
"Salonline , creme para pentear definição natural , hidratação e definição Antifriz 1 kg",36,1,Sala 01,Cabelo,https://lojasrede.vtexassets.com/arquivos/ids/372725/2022101800-1-Kit-Creme-Para-Pentear-Salon-Line-Definicao-Natural-1Kg-2-Unidades.jpg?v=638488920065000000,sim
"Salonline , creme para pentear definição natural . Pantefris , 1 kg .",38,1,Sala 01,Cabelo,"https://res.cloudinary.com/beleza-na-web/image/upload/w_1500,f_auto,fl_progressive,q_auto:eco,w_1800,c_limit/e_trim/v1/imagens/product/MP72060/258a0c73-40dd-4762-81e9-f6c99de4fa83-salon-line-definicao-natural-creme-de-pentear-1kg.png",sim
"Salonline , creme para pentear definição natural antifriz 1 kg .",35,1,Sala 01,Cabelo,https://paguemenos.vtexassets.com/arquivos/ids/1116767/creme-para-pentear-salon-line-condicionador-definicao-natural-antifrizz-1kg-principal.png?v=639017676151730000,sim
"Salonline , creme para pentear hidratação profunda Anti ressecamento e definição 1 kg .",39,1,Sala 01,Cabelo,https://m.media-amazon.com/images/I/61vYFMevxeL.jpg,sim
"Salonline , creme para pentear reconstrução intensa . 1 kg",35,1,Sala 01,Cabelo,https://down-br.img.susercontent.com/file/br-11134207-7r98o-lxvc5rqktaj676,sim
"Salonline , gelatina , mas creme para pentear definição extraordinária 1 kg",32,1,Sala 01,Cabelo,https://lojasrede.vtexassets.com/arquivos/ids/414824/805920_1.jpg?v=638733397038670000,sim
"Salonline , manteiga , mais creme para pentear ativador de caixa 1 kg",30,1,Sala 01,Cabelo,https://tb2962.vtexassets.com/arquivos/ids/189537/Creme-para-Pentear-Ativador-de-Cachos---Manteiga-Salon-Line-Definicao-Nutritiva-1kg.jpg?v=638624591803870000,sim
"Salonline , manteiga , mas creme para pentear ativador de cachos 1 kg .",22,1,Sala 01,Cabelo,https://tb2962.vtexassets.com/arquivos/ids/189537/Creme-para-Pentear-Ativador-de-Cachos---Manteiga-Salon-Line-Definicao-Nutritiva-1kg.jpg?v=638624591803870000,sim
"Salonline , meu liso , Kids , condicionador , desembaraçante . Hidratação e brilho , 300 ml .",21,1,Sala 01,Cabelo,https://lojasrede.vtexassets.com/arquivos/ids/388291/782591_1.jpg?v=638610739869370000,sim
"Salonline , meu liso , Kids , creme para pentear desembaraçante 250 ml .",19,1,Sala 01,Cabelo,https://down-br.img.susercontent.com/file/br-11134207-7r98o-lz4ygqypfajp27,sim
"Salonline , meu liso , Kids , creme para pentear desembaraçantes , 250 ml .",19,1,Sala 01,Cabelo,https://m.media-amazon.com/images/I/516XOB4fCWL._AC_SL1200_.jpg,sim
"Salonline , meu liso , Kids , shampoo suave , 300 ml .",19,1,Sala 01,Cabelo,https://down-br.img.susercontent.com/file/sg-11134201-824jc-medrj7lzzncz25,sim
"Salonline , meu liso , muito mais liso . Óleo de tratamento multifuncional . 18 vezes mais liso chapado . 200 , 600 ml .",18,1,Sala 01,Cabelo,https://fikbella.vteximg.com.br/arquivos/ids/202994-1000-1000/Oleo-de-Tratamento-Meu-Liso-Muito---Liso-Salon-Line---60ml-fikbella-cosmeticos-157843.jpg?v=638460347654870000,sim
"Salonline , meu liso , restauração intensa , spray resgate instantâneo , combate 7 danos 240 ml",22,1,Sala 01,Cabelo,https://content.intellibrand.ai/image/B3D65FEC-EEFD-4D8A-B08A-A6CA922072D1/57e4c2369efd58bb25a139d15ca5e5bb/1000X1000/7908458321292_1.jpg,sim
"Salonline , meu liso Condicionador desembaraçante . 300 ml .",21,1,Sala 01,Cabelo,https://lojasrede.vtexassets.com/arquivos/ids/388291/782591_1.jpg?v=638610739869370000,sim
"Salonline , meu liso demais , shampoo a linha 300 ml .",23,1,Sala 01,Cabelo,https://cdn.shopk.it/usercontent/smartbeauty/media/images/0e42c6b-sl0091.png,sim
"Salonline , máscara , matizadora , loira , hidrata Profundamente , 300 g .",25,1,Sala 01,Cabelo,https://http2.mlstatic.com/D_NQ_NP_779723-MLB82048369651_012025-O.webp,sim
"Salonline , proteção térmica até 230 , SOS cachos 42 m",22,1,Sala 01,Cabelo,https://cdn.awsli.com.br/800x800/1991/1991189/produto/308688219/80341a_71c7d9e215bc41fabe29ce5951fd0cb2-mv2-i834llof4m.jpg,sim
"Salonline , reparação e antifriz , óleo de ricino queratina , creme para pentear 1 kg",25,1,Sala 01,Cabelo,https://drogariasp.vteximg.com.br/arquivos/ids/1094279-1000-1000/image-9b0466f2c0be413491baab6fa123cccf.jpg?v=638506798033330000,sim
"Salonline , to de caixa , profix , ativador de caixa , definição volumosa 300 ml",24,1,Sala 01,Cabelo,https://down-br.img.susercontent.com/file/sg-11134201-23030-u73n0adelnov47,sim
"Salonline , to de caixas , gelatina fortalecedora 550 g",19,1,Sala 01,Cabelo,https://decminasb2b.vtexassets.com/arquivos/ids/310254/236111.png?v=638907597060300000,sim
"Salonline , uva mais melancia , creme para pentear . 1 kg .",22,1,Sala 01,Cabelo,https://lojasrede.vtexassets.com/arquivos/ids/417061/814715-1-Creme-Para-Pentear-Salon-Line-Uva-Melancia-oleo-de-Tratamento-Extraordinario-1kg.jpg.jpg?v=638780107431600000,sim
"Salonline , uva mais melancia , creme para pentear 1 kg",23,1,Sala 01,Cabelo,https://lojasrede.vtexassets.com/arquivos/ids/417061/814715-1-Creme-Para-Pentear-Salon-Line-Uva-Melancia-oleo-de-Tratamento-Extraordinario-1kg.jpg.jpg?v=638780107431600000,sim
"Salonline , óleo De tratamento multi irresistível Óleo de uva e manteiga de kartê , 230 Ml",19,1,Sala 01,Óleos & Séruns,https://cdn.awsli.com.br/2500x2500/1775/1775051/produto/343982267/oleo-capilar-de-tratamento-salon-line-multy-uva-e-manteiga-de-karite-tratamento--dtnsrpuylw.jpg,sim
"Salonline Bei Sapo 2 em um óleo , cabelo e corpo . 120 ml .",25,1,Sala 01,Cabelo,https://product-data.raiadrogasil.io/images/12166325.webp,sim
Salonline Beija sapo 2 em um olha o cabelo e corpo 120 ml,25,1,Sala 01,Cabelo,https://down-br.img.susercontent.com/file/br-11134207-81z1k-me8l6kme4q9u78,sim
"Salonline Creme denso , super hidratante de repente , pronta creme para pentear ultragrosse 500 g .",25,1,Sala 01,Cabelo,https://http2.mlstatic.com/D_NQ_NP_926318-MLB79795491232_102024-O.webp,sim
"Salonline Creme para pentear uva , mais melancia , óleo de tratamento extraordinário ou 1 kg",26,1,Sala 01,Cabelo,https://lojasrede.vtexassets.com/arquivos/ids/417061/814715-1-Creme-Para-Pentear-Salon-Line-Uva-Melancia-oleo-de-Tratamento-Extraordinario-1kg.jpg.jpg?v=638780107431600000,sim
"Salonline De repente , pronta , shampoo ultraglos , 48 horas de limpeza profunda , 500 ml .",24,1,Sala 01,Cabelo,https://cdn1.staticpanvel.com.br/produtos/15/91083-15.jpg,sim
"Salonline Maria natureza , nutrição extraordinária . Moru , morru e abacate , máscara vegana . 200 g",18,1,Sala 01,Cabelo,https://m.media-amazon.com/images/I/719Cq0vGbNL._SL1500_.jpg,sim
Salonline Máscaras de tratamento anti porosidade 500 g .,15,1,Sala 01,Tratamento Capilar,https://lojasrede.vtexassets.com/arquivos/ids/401220/812961_1.jpg?v=638640091251070000,sim
Salonline Necessar love you selfie,22,1,Sala 01,Outros,https://cdn.awsli.com.br/2500x2500/2492/2492933/produto/2652835539e90cd3f23.jpg,sim
"Salonline SOSOSOS caixas protra Tens em um multibenefício , 300 ml .",25,1,Sala 01,Cabelo,https://http2.mlstatic.com/D_NQ_NP_721360-MLB81483999472_012025-O-salon-line-sos-10-em-1-multibeneficios-condicionador-300ml.webp,sim
"Salonline kids chocolate , creme para pentear cachinhos nutrido 1 kg",19,1,Sala 01,Cabelo,https://images.tcdn.com.br/img/img_prod/1221238/creme_para_pentear_salon_line_chocolate_kids_cachinhos_nutridos_1kg_14039_1_3f151cdd9a7fa39508eff99561ce123e.png,sim
"Salonline , SOS bombo original , shampoo , força e engros 300 ml",42.5,1,Sala 01,Cabelo,https://down-br.img.susercontent.com/file/sg-11134201-824im-mebagt74bi0we8,sim
"Salonline , meu liso demais , condicionador A linha dor , 300 , Daniel",39,1,Sala 01,Cabelo,https://product-data.raiadrogasil.io/images/12486487.webp,sim
"Salonline , SOS caixas . De repente , pronta creme para pentear . 300 ml",20,1,Sala 01,Cabelo,https://assimdomeujeito.com/wp-content/uploads/2025/09/Salon-Line-S.O.S-Cachos-De-Repente-Pronta-Creme-Para-Pentear-em-Spray-300ml.jpg,sim
"Salonline , meu liso kids , shampoo suave , presentes ml",18,1,Sala 01,Cabelo,https://lojasrede.vtexassets.com/arquivos/ids/390107/782580_3.jpg?v=638610793134300000,sim
Sandalia Rasteira Casual Feminina Beira Rio Original,76,1,Sala 01,Moda & Calçados,https://down-br.img.susercontent.com/file/br-11134207-7r98o-m2wjrp1xpql1d8,sim
Sandália Chinelo Pédireito Unissex Nº. 37/38,79,1,Sala 01,Moda & Calçados,https://down-br.img.susercontent.com/file/br-11134207-7r98o-lzg8p6o68sd1f7,sim
Sandália Chinelo Pédireito Unissex Nº. 39/40,79,1,Sala 01,Moda & Calçados,https://down-br.img.susercontent.com/file/br-11134207-7r98o-lzg8p6o68sd1f7,sim
Sandália Slide Feminina Tamanco Tiras Brilho Glitter Moleca,71,1,Sala 02,Moda & Calçados,https://http2.mlstatic.com/D_NQ_NP_822058-MLB84348449248_052025-O-sandalia-feminina-tamanco-tiras-slide-brilho-glitter-moleca.webp,sim
"Santista , micro percal , Queen contém 3 peças . Toque de seda De 1 e 60 Por 2 m",79,1,Sala 01,Casa & Cama,https://cdn.awsli.com.br/2500x2500/2467/2467495/produto/20770899732eebb6393.jpg,sim
Serum Corporal Clareador Blemish Care Barbour's Beauty 150g Sem Fragrância,39,1,Sala 02,Óleos & Séruns,https://http2.mlstatic.com/D_NQ_NP_700136-MLB91331989354_092025-O.webp,sim
Shampoo De Glicerina Para Bebês Pampers 400ml,35,2,Sala 01,Cabelo,https://paguemenos.vtexassets.com/arquivos/ids/718044/75526.png?v=638326222973530000,sim
Shampoo Loreal Série Expert Vitamino Refil 240ml - Mais Cor E Brilho,71,1,Sala 02,Cabelo,"https://res.cloudinary.com/beleza-na-web/image/upload/w_1500,f_auto,fl_progressive,q_auto:eco,w_1800,c_limit/e_trim/v1/imagens/product/20068667/cc225c59-a48a-4409-abd1-ea5abb0c1a2b-loreal-professionnel-serie-expert-vitamino-color-resveratrol-refil-shampoo-240ml.png",sim
Shampoo Refil Glicerina Pampers 350ml,20,1,Sala 02,Cabelo,https://images.tcdn.com.br/img/img_prod/1221238/shampoo_de_glicerina_pampers_refil_350ml_6335_1_54de1cb108d7634ef72b72bfbdb81f63.jpg,sim
Shampoo Reparação Pro Performance 1L,0,1,Sala 02,Cabelo,https://http2.mlstatic.com/D_NQ_NP_812191-MLB81994980498_022025-O.webp,sim
"Shampoo Siàge Liso Intenso, 250ml - Eudora",46,2,Sala 02,Cabelo,https://a-static.mlcdn.com.br/800x560/shampoo-eudora-liso-intenso-siage-250ml/lojaperolavvieira/12548166651/044ed5bcf0971f56f57bd58598e554f3.jpg,sim
"Shign Brilho , proteção e limpeza a seco . Para carro",39.3,1,Sala 01,Limpeza,https://down-br.img.susercontent.com/file/br-11134207-81z1k-mhv720rxrcau9d,sim
Shine 3 Em 1 Revestimento 300ml Brilho Proteção 12 Meses,65,3,Sala 02,Limpeza,https://http2.mlstatic.com/D_NQ_NP_679648-MLB96524649931_102025-O.webp,sim
Shiseido Synchro Skin Soft Blurring Primer - 30ml Tom Do Primer Branco,339,1,Sala 02,Maquiagem,https://http2.mlstatic.com/D_NQ_NP_626431-MLU73563967594_122023-O.webp,sim
"Salonline SOS hidratação , máscara concentrada , queratina e colágeno",22,1,Sala 01,Cabelo,https://lojasrede.vtexassets.com/arquivos/ids/401244/759476_1.jpg?v=638640091578530000,sim
Suplemento Multivitamínico Complete Bari 23 Nutrientes Máxima Absorção 90 Cápsulas,151,2,Sala 02,Café & Alimentos,https://www.vitaminasbrasil.com/upload/produto/imagem/s_ceaee137a5e43d789989c44a13a9c393.webp,sim
Tangle Teezer - Escova de cabelo Modeladora Comb Wide Tooth Cor: Lilás e Preto,139,1,Sala 01,Cabelo,https://http2.mlstatic.com/D_NQ_NP_916764-MLB91270041112_092025-O.webp,sim
Taças Vinho Cristal Bohemia 850ml Translúcido Kit 2 Peças,119,2,Sala 02,Casa & Utilidades,https://images.tcdn.com.br/img/img_prod/766438/jogo_2_tacas_cristal_bohemia_vinho_grand_sommelier_850ml_4777_1_7bfd3ee99b4eaa98b78145c70e27fdf6.jpg,sim
Tenis Masculino adidas Vl Court Base,395,1,Sala 01,Moda & Calçados,https://imgcentauro-a.akamaihd.net/1366x1366/M13XZS51.jpg,sim
Tenis Nike Air Jordan 4 Rm Premium,1119,1,Sala 01,Moda & Calçados,"https://static.nike.com.cn/a/images/t_PDP_936_v1/f_auto,q_auto:eco,u_126ab356-44d8-4a06-89b4-fcdcc8df0245,c_scale,fl_relative,w_1.0,h_1.0,fl_layer_apply/b4f9ea47-2880-4a1b-827a-52f061267ac9/AIR+JORDAN+4+RM+PRM.png",nao
Thick & Easy 225g - Fresenius,133,18,Sala 01,Café & Alimentos,https://down-br.img.susercontent.com/file/9aa0d87d00c93b9bd623af6828cf4add,sim
Torneira Misturador Monocomando Cascata Cromado,163,1,Sala 02,Casa & Utilidades,https://cdn.leroymerlin.com.br/products/torneira_monocomando_misturador_cascata_alta_metal_cromada_1570941720_03b6_600x600.png,sim
Travesseiro 50x70cm Buddemeyer Vision Fill 100% Algodão Branco,170,4,Sala 01,Casa & Cama,https://americanas.vtexassets.com/arquivos/ids/2804378/7506874406_3_xlarge.jpg?v=638751087152900000,sim
Tábua De Carne Em Madeira Guarapa Para Churrasco E Cortes,56,1,Sala 02,Casa & Utilidades,https://cdn.leroymerlin.com.br/products/tabua_de_madeira_para_churrasco_35x24cm_corte_de_carnes_1571933481_eb52_300x300.png,sim
Tênis Nike Air Zoom G.T.,721,1,Sala 01,Moda & Calçados,https://imgnike-a.akamaihd.net/1920x1920/01141352.jpg,nao
Tênis Nike Court Borough Low Recraft,449,1,Sala 02,Moda & Calçados,"https://static.nike.com/a/images/t_PDP_1728_v1/f_auto,q_auto:eco/78cb1b12-67ed-44f7-91d9-0343624bf9cc/COURT+BOROUGH+LOW+RECRAFT+BG.png",nao
Tênis Nike Court Vision Low,408,1,Sala 01,Moda & Calçados,https://imgnike-a.akamaihd.net/1920x1920/013702ID.jpg,nao
Tênis Nike SB Force 58 Masculino,455,1,Sala 01,Moda & Calçados,https://imgnike-a.akamaihd.net/1920x1920/011580ID.jpg,nao
Tênis Nike Star Runner 5 Infantil,275,1,Sala 01,Moda & Calçados,https://www.melhorcomprar.com.br/images/produto/585008-1.webp,nao
Tênis Puma Club II Era,274,1,Sala 01,Moda & Calçados,https://cdn.awsli.com.br/2500x2500/200/200534/produto/310349114/1372_89c8dd86-6117-4d6a-b1e3-7d73ded5b089_1200x1200-0yreak57np.jpg,sim
Tênis Puma Feminino Carina,325,1,Sala 01,Moda & Calçados,https://cdnv2.moovin.com.br/margilcalcados/imagens/produtos/original/tenis-puma-feminino-carina-em-couro-l-bdp-12ef1e84491e83a62a886d05112726b8.jpg,sim
Tênis Puma Flyer Lite 3 Bdp - Original,427,1,Sala 01,Moda & Calçados,https://images.tcdn.com.br/img/img_prod/917287/tenis_puma_flyer_lite_3_bdp_preto_312728_feminino_loja_tuka_oficial_9809_2_ae5cf7a1540dab2c5bbcc53b67abf332.jpg,sim
Tênis adidas Advantage Base 2.0,271,1,Sala 01,Moda & Calçados,"https://assets.adidas.com/images/w_600,f_auto,q_auto/ddd79833f68846888a4af71da9545881_9366/Tenis_Advantage_Base_2.0_Azul_JP7945_04_standard.jpg",sim
Tônico Crescimento Absoluto - 100ml,38,1,Sala 01,Cabelo,https://down-br.img.susercontent.com/file/sg-11134201-824ib-me66thqfq60w95,sim
Vinho Argentino D.v Catena Cabernet - Malbec Tinto ORIGINAL 750ml,249,1,Sala 02,Vinhos & Bebidas,https://down-br.img.susercontent.com/file/br-11134207-7r98o-m76u4svp56bw60,sim
Vinho Argentino Tinto Angelica Zapata Cabernet Franc 750ml,139,1,Sala 02,Vinhos & Bebidas,https://http2.mlstatic.com/D_NQ_NP_848054-MLB87698986658_072025-O.webp,sim
Vinho Australiano Jacob's Creek Classic Shiraz Tinto 750ml,150,5,Sala 01,Vinhos & Bebidas,http://cellar.com/cdn/shop/files/JACOBS_CREEK_CLASSIC_SHIRAZ_2021_FRONT.jpg?v=1755190399,sim
Vinho Branco Garzon Reserva Sauvignon Blanc 750 Ml Uruguaio,149,5,Sala 02,Vinhos & Bebidas,https://http2.mlstatic.com/D_NQ_NP_704512-MLB52472972795_112022-O.webp,sim
Vinho Frisante Mayos Green Branco Demi-sec 750 Ml,44,1,Sala 02,Vinhos & Bebidas,https://http2.mlstatic.com/D_NQ_NP_708008-MLB90657897554_082025-O.webp,sim
Vinho Frisante Mayos Pink Rosé 750ml,42,2,Sala 02,Vinhos & Bebidas,https://images.tcdn.com.br/img/img_prod/1249547/vinho_frisante_rose_mayos_pink_750_ml_149_1_1b1ee39bfd6f600e799e61759b93c389.png,sim
Vinho Pêra Manca Branco - 2023,611,1,Sala 02,Vinhos & Bebidas,https://www.vinha.pt/wp-content/uploads/2015/05/100181-3.jpg,sim
Vinho Rendez Vous Premier Merlot Cabernet Sauvignon 750m,71,4,Sala 02,Vinhos & Bebidas,https://www.imigrantesbebidas.com.br/img/bebida/images/products/full/99936-vinho-premier-rendez-vous-merlot-cabernet-750ml.20230627210747.jpg?s=349b2fb3f5c68fa28bb567da8e7a2815,sim
Vitamina D3 10000 Gotas Sabor Menta Complete Bari 10ml Imunidade,61,1,Sala 02,Café & Alimentos,https://product-data.raiadrogasil.io/images/10701985.webp,sim
Watar Mawwal Arabia Eau De Parfum Perfume Feminino Original 100ml,249,1,Sala 02,Perfumes,https://http2.mlstatic.com/D_NQ_NP_789532-MLB90049095911_082025-O.webp,sim
Wella Oil Reflections Luminous Óleo 100 ml,179,2,Sala 02,Óleos & Séruns,https://images.tcdn.com.br/img/img_prod/939182/wella_professionals_oil_reflections_luminous_smoothening_oleo_capilar_100_ml_2349_1_3ee8f3cbf4231ebe63f6165a058c0902.png,sim
Whey Protein Concentrado Mais +mu 450g - Vaquinha Way Whay,155,1,Sala 01,Café & Alimentos,https://http2.mlstatic.com/D_NQ_NP_967703-MLB81058383342_122024-O.webp,sim
"XTRATUS - Suplemento com Carboidratos e Eletrólitos Intra-Treino de Abacaxi e Hortelã - Livre de OGMS, Corantes e Conservantes. Contém Fruta de Verdade para sabor. 100% Natural e Vegano -1Kg",228,13,Sala 01,Café & Alimentos,https://images.tcdn.com.br/img/img_prod/1134293/suplemento_intratreino_com_abacaxi_e_hortela_1kg_45_1_d85098c8279d71e8a1a1bf36649f0ce8.jpg,sim
Xtratus Endurance Intratreino Caixa Com 12 Saches,305,13,Sala 01,Café & Alimentos,https://http2.mlstatic.com/D_NQ_NP_725317-MLB72857536689_112023-O.webp,sim
Xícara De Cristal Para Chá Stripe Wolff 200ml,16,1,Sala 02,Casa & Utilidades,https://http2.mlstatic.com/D_NQ_NP_963425-MLB89939273763_082025-O.webp,sim
blush contorno bruna tavares bt blush,44,1,Sala 02,Maquiagem,"https://res.cloudinary.com/beleza-na-web/image/upload/w_1500,f_auto,fl_progressive,q_auto:eco,w_800/v1/imagens/product/MP66403/5795d752-95d6-402e-9f85-5c8ea1033ad1-622b586ad6d1671603d2fab6-5755063559931761501.jpg",sim
sex massager high water g spot,325,1,Sala 02,Outros,https://m.media-amazon.com/images/I/61Ak0WN0PAL._AC_SL1500_.jpg,sim
Água Limpeza Granado Bebe Pele Sensível 500ml Envio Imediato,58,4,Sala 02,Bebê,https://cdn.awsli.com.br/2500x2500/939/939830/produto/294644646/6b77c6af8ad1dfd80a2209ef5f2924ff-o612zsrjgt.png,sim
Água Oxigenada Cremosa Cadiveu 20 Volumes 900ml,43,5,Sala 02,Cabelo,https://ikesaki.vteximg.com.br/arquivos/ids/327752/Agua-Oxigenada-Cadiveu-20-Volumes---900ml--1-.png,sim
"Ápice , cachos , shampoo nutritivo , limpeza suave , 300 ml",44.9,1,Sala 01,Cabelo,https://a-static.mlcdn.com.br/800x560/kit-2-shampoo-nutritivo-cachos-apse-apice-limpeza-suave-vegano-cabelo-sem-sulfato-300ml/bestdreammagazine/aps258/46a5cbb00122c7cbb7dfe771a231034c.jpeg,sim
"Ápice Cosméticos , ativador antifrês condicionante 500 g",47.9,1,Sala 01,Cabelo,https://http2.mlstatic.com/D_NQ_NP_941191-MLB79073171141_092024-O-ativador-anti-frizz-aco-condicionante-500g-apse-apice.webp,sim
Ápice Creme de Pentear Nutri Waves | Proteína do Arroz e Óleo de Pracaxi I Definição de cabelos com curvatura | 500g,47,1,Sala 01,Cabelo,https://m.media-amazon.com/images/I/71lQRgYZaHL._AC_SX569_.jpg,sim
"Ápice Creme de Pentear África Baobá | Hidratação, Definição e Proteção Térmica para Cabelos Cacheados, Crespos e Ondulados | 500g",45,1,Sala 01,Cabelo,https://yumeicosmeticos.com.br/wp-content/uploads/2024/06/7898652874741_3.png,sim
Ápice Esfoliante Corporal Baunilha e Coco | Renovação Celular e Toque Aveludado | 300g,58.32,1,Sala 01,Corpo,https://www.apicecosmeticos.com.br/cdn/shop/files/a9ac43bde436003cd7aece1217e42d43_400x.png?v=1732729966,sim
"Ápice Tratamento Anti Porosidade pH Control | Máscara Acidificante com Efeito Teia, Restauração e Brilho para Todas as Curvaturas | 500g",59.8,1,Sala 01,Cabelo,https://yumeicosmeticos.com.br/wp-content/uploads/2024/06/7898945725569_1.png,sim
Ápice Cosmético Nesse cer,0,1,Sala 01,Outros,"https://res.cloudinary.com/beleza-na-web/image/upload/w_1500,f_auto,fl_progressive,q_auto:eco,w_1800,c_limit/e_trim/v1/imagens/product/MP21395/54b1949e-11cb-4591-992e-08c107b3f91d-kit-apse-cosmetics-crespo-power-4-produtos.png",sim
Óleo Capilar Oil Reflections Light 30ml Wella,62,1,Sala 02,Cabelo,https://images.tcdn.com.br/img/img_prod/1282834/wella_professionals_oil_reflections_light_oleo_capilar_30ml_153677143_1_8415af0afb63d86c563687af68d10575.jpg,sim
Óleo Capilar Wella Professionals Oil Reflections 100ml,176,1,Sala 01,Cabelo,https://a-static.mlcdn.com.br/1500x1500/wella-oil-reflections-oleo-de-tratamento-100ml/websalao/1538/90a8dc48365e5a65b290375ebfa81006.jpg,sim
Óleo Light Wella Oil Reflection 100 Ml,127,1,Sala 02,Óleos & Séruns,https://images.tcdn.com.br/img/img_prod/981272/wella_professionals_oil_reflections_oleo_light_100ml_319_2_bcb39a9d39e6fc183ec6a4c674fdfe39.jpg,sim
Óleo de Rosa Mosqueta 100% Kokeshi,59,1,Sala 01,Óleos & Séruns,"https://res.cloudinary.com/beleza-na-web/image/upload/w_1500,f_auto,fl_progressive,q_auto:eco,w_1800,c_limit/e_trim/v1/imagens/products/MP385861/leo-de-rosa-mosqueta-100-kokeshi-8.png",sim
Lescent Varejo Ltda -DEO COLONIA NO 2 - 25ML,"R$ 26,29",1,Sala 01,Perfumes,https://i.ytimg.com/vi/NnP2ITYzqvg/maxresdefault.jpg,
Lescent Varejo Ltda -DEO COLONIA NO 6 - 25ML,"R$ 26,29",1,Sala 01,Perfumes,https://raichu-uploads.s3.amazonaws.com/companypageconfiguration_1ee12f4f-6b23-490a-8d56-ffebcb83ffe4.jpg,
Lescent Varejo Ltda -DEO COLONIA NO 8 - 25M,"R$ 26,29",1,Sala 01,Perfumes,https://raichu-uploads.s3.amazonaws.com/companypageconfiguration_1ee12f4f-6b23-490a-8d56-ffebcb83ffe4.jpg,
LESCENT VAREJO LTDA - Deo Colonia No 13 - 100ml,"R$ 89,00",1,Sala 01,Perfumes,https://images-americanas.b2w.io/produtos/3058965067/imagens/deo-colonia-courant-100ml-l-bel/3058965075_1_xlarge.jpg,
LESCENT VAREJO LTDA - Deo Colonia No 20 - 100ml,"R$ 89,00",1,Sala 01,Perfumes,https://images-americanas.b2w.io/produtos/3058965067/imagens/deo-colonia-courant-100ml-l-bel/3058965075_1_xlarge.jpg,
JFY73 BARBIE COLOR REVEAL ANIMAIS COM BALOES,"R$ 115,00",1,Sala 01,Outros,https://americanas.vtexassets.com/arquivos/ids/24441036/7504882953_4_xlarge.jpg?v=638755397559730000,
Calção Adidas Estro 19 Infantil,"R$ 68,00",1,Sala 01,Moda & Calçados,https://http2.mlstatic.com/D_NQ_NP_994654-MLB74327480767_012024-O.webp,
Porta Toalha Pano De Prato Cozinha Mdf Decoração Empregada,"R$ 17,00",1,Sala 01,Outros,https://http2.mlstatic.com/D_NQ_NP_782592-MLB51106051054_082022-O.webp,
Vaso Decorativo Pequeno em Vidro Orgânico | Design Moderno,"R$ 79,90",1,Sala 01,Outros,,
Capa Anti Impacto Gocase Modelo Impacto Slim Compatível com Galaxy S21,"R$ 69,00",1,Sala 01,Outros,,
Capa Anti Impacto Gocase Modelo Impacto Slim Compatível com Galaxy S21,"R$ 69,00",1,Sala 01,,,
Castiçal Pedestal Ferro PRETO Mesa Bancadas,"R$ 34,00",1,Sala 01,,,
Castiçal Pedestal Ferro PRETO Mesa Bancadas,"R$ 34,00",1,Sala 01,,,
"BODY Y0UTN, PR103, G","R$ 69,99",1,Sala 01,,,
LOLA DREAM CREAM MASCARA 450G,"R$ 38,00",1,Sala 01,,,
LOLA FROM RIO PAPO RETO SHAMPOO 270ML,"R$ 33,00",1,Sala 01,,,
LOLA FROM RIO PAPO RETO MASC FLUID 270ML,"R$ 23,00",1,Sala 01,,,
LOLA DANOS VORAZES MASCARA 450G,"R$ 41,90",1,Sala 01,,,
LOLA SHAMPOO DANOS VORAZES 250ML,"R$ 25,90",1,Sala 01,,,
LOLA ARGAN OIL SHAMPOO 250ML,"R$ 36,58",1,Sala 01,,,
LOLA ARGAN OIL MASC RECONSTRUTORA 230G,"R$ 39,21",1,Sala 01,,,
LOLA DREAM SHAMP 250ML,"R$ 37,90",1,Sala 01,,,
LOLA MAS EU SEI O QUE VC FEZ 230G,"R$ 47,27",1,Sala 01,,,
LOLA SHAMP EU SEI O QUE VC FEZ 250ML,"R$ 38,52",1,Sala 01,,,
FILE SARDINHA S/ PELE C/ CEBOLA E AZEITE 125grs,"R$ 21,90",1,Sala 01,,,
FILE SARDINHA S/ PELE C/ CEBOLA E AZEITE 125grs,"R$ 21,90",1,Sala 01,,,
FILE SARDINHA S/ PELE C/ ALCAPARRAS E AZEITE 125 grs,"R$ 21,90",1,Sala 01,,,
FILE SARDINHA S/ PELE C/ ALCAPARRAS E AZEITE 125 grs,"R$ 21,90",1,Sala 01,,,
"TUPPER CAIXA ACUCAR POP BOX 1,","R$ 40,00",1,Sala 01,,,
TUPPER CAIXA CHOCOLATE POP BOX,"R$ 40,00",1,Sala 01,,,
TUP CX POP BOX ARR+FEIJ+GTS SA,"R$ 139,00",1,Sala 01,,,
Privalia Brasil S.A -Top Liso- Rosa G,"R$ 38,00",1,Sala 01,,,
Cropped Liso- Branco- Plie G,"R$ 61,00",1,Sala 01,,,
Calcinha Hot Pant Absorvente - Rosa G,"R$ 72,00",1,Sala 01,,,
Calcinha Biquini Floral- Off White Verd GG,"R$ 31,99",1,Sala 01,,,
BOLSA FLIP MOOVE PRETA BB COM TECNOLOGIA GOCASE CONNECT,"R$ 199,00",1,Sala 01,,,
GOCASE BASE DE SILICONE PARA GARRAFA P PINK,"R$ 37,90",1,Sala 01,,,
GOCASE BASE DE SILICONE PARA GARRAFA G PINK,"R$ 47,90",1,Sala 01,,,
GOCASE - Capa Anti Impacto Air Xiaomi Redmi Note Redmi Note 14 4g,"R$ 79,90",1,Sala 01,,,